accuracy,loss,val_accuracy,val_loss,learning_rate
0.0,0.0,0.0,0.0,0.0010000000474974513
0.0,0.0,0.0,0.0,0.0010000000474974513
0.0,0.0,0.0,0.0,0.0010000000474974513
0.0,0.0,0.0,0.0,0.0010000000474974513
0.0,0.0,0.0,0.0,0.0005000000237487257
0.0,0.0,0.0,0.0,0.0005000000237487257
